{
  "id": "3242007",
  "name": "GG",
  "font_family": "iconfont",
  "css_prefix_text": "icon-",
  "description": "",
  "glyphs": [
    {
      "icon_id": "8554200",
      "name": "pencil-fill",
      "font_class": "pencil-fill",
      "unicode": "e672",
      "unicode_decimal": 58994
    },
    {
      "icon_id": "10931827",
      "name": "quill-pen-fill",
      "font_class": "quill-pen-fill",
      "unicode": "e63c",
      "unicode_decimal": 58940
    },
    {
      "icon_id": "1174305",
      "name": "loading",
      "font_class": "loading",
      "unicode": "e663",
      "unicode_decimal": 58979
    },
    {
      "icon_id": "12011693",
      "name": "comments",
      "font_class": "comments",
      "unicode": "e7b4",
      "unicode_decimal": 59316
    },
    {
      "icon_id": "309253",
      "name": "backtop",
      "font_class": "backtop",
      "unicode": "e6c6",
      "unicode_decimal": 59078
    },
    {
      "icon_id": "12011691",
      "name": "arrow-down",
      "font_class": "arrow-down",
      "unicode": "e7b2",
      "unicode_decimal": 59314
    },
    {
      "icon_id": "11474331",
      "name": "rising",
      "font_class": "rising",
      "unicode": "e703",
      "unicode_decimal": 59139
    },
    {
      "icon_id": "11474335",
      "name": "QRcode",
      "font_class": "QRcode",
      "unicode": "e704",
      "unicode_decimal": 59140
    },
    {
      "icon_id": "11474340",
      "name": "rmb",
      "font_class": "rmb",
      "unicode": "e705",
      "unicode_decimal": 59141
    },
    {
      "icon_id": "11481317",
      "name": "favorites-fill",
      "font_class": "favorites-fill",
      "unicode": "e721",
      "unicode_decimal": 59169
    },
    {
      "icon_id": "11481334",
      "name": "integral-fill",
      "font_class": "integral-fill",
      "unicode": "e726",
      "unicode_decimal": 59174
    },
    {
      "icon_id": "11481356",
      "name": "pic-fill",
      "font_class": "pic-fill",
      "unicode": "e72e",
      "unicode_decimal": 59182
    },
    {
      "icon_id": "11481357",
      "name": "play-fill",
      "font_class": "play-fill",
      "unicode": "e72f",
      "unicode_decimal": 59183
    },
    {
      "icon_id": "11481359",
      "name": "prompt-fill",
      "font_class": "prompt-fill",
      "unicode": "e730",
      "unicode_decimal": 59184
    },
    {
      "icon_id": "11481382",
      "name": "stop-fill",
      "font_class": "stop-fill",
      "unicode": "e738",
      "unicode_decimal": 59192
    },
    {
      "icon_id": "11487970",
      "name": "add-account",
      "font_class": "add-account",
      "unicode": "e741",
      "unicode_decimal": 59201
    },
    {
      "icon_id": "11487973",
      "name": "add",
      "font_class": "add",
      "unicode": "e742",
      "unicode_decimal": 59202
    },
    {
      "icon_id": "11487976",
      "name": "add-cart",
      "font_class": "add-cart",
      "unicode": "e743",
      "unicode_decimal": 59203
    },
    {
      "icon_id": "11487977",
      "name": "arrow-right",
      "font_class": "arrow-right",
      "unicode": "e744",
      "unicode_decimal": 59204
    },
    {
      "icon_id": "11487978",
      "name": "arrow-left",
      "font_class": "arrow-left",
      "unicode": "e745",
      "unicode_decimal": 59205
    },
    {
      "icon_id": "11487982",
      "name": "arrow-up",
      "font_class": "arrow-up",
      "unicode": "e746",
      "unicode_decimal": 59206
    },
    {
      "icon_id": "11487984",
      "name": "ashbin",
      "font_class": "ashbin",
      "unicode": "e747",
      "unicode_decimal": 59207
    },
    {
      "icon_id": "11487985",
      "name": "atm",
      "font_class": "atm",
      "unicode": "e748",
      "unicode_decimal": 59208
    },
    {
      "icon_id": "11487986",
      "name": "bad",
      "font_class": "bad",
      "unicode": "e749",
      "unicode_decimal": 59209
    },
    {
      "icon_id": "11487987",
      "name": "attachent",
      "font_class": "attachent",
      "unicode": "e74a",
      "unicode_decimal": 59210
    },
    {
      "icon_id": "11487988",
      "name": "browse",
      "font_class": "browse",
      "unicode": "e74b",
      "unicode_decimal": 59211
    },
    {
      "icon_id": "11487990",
      "name": "atm-away",
      "font_class": "atm-away",
      "unicode": "e74c",
      "unicode_decimal": 59212
    },
    {
      "icon_id": "11487991",
      "name": "assessed-badge",
      "font_class": "assessed-badge",
      "unicode": "e74d",
      "unicode_decimal": 59213
    },
    {
      "icon_id": "11487994",
      "name": "calendar",
      "font_class": "calendar",
      "unicode": "e74e",
      "unicode_decimal": 59214
    },
    {
      "icon_id": "11487995",
      "name": "cart- full",
      "font_class": "cart-full",
      "unicode": "e74f",
      "unicode_decimal": 59215
    },
    {
      "icon_id": "11487997",
      "name": "calculator",
      "font_class": "calculator",
      "unicode": "e750",
      "unicode_decimal": 59216
    },
    {
      "icon_id": "11488000",
      "name": "category",
      "font_class": "category",
      "unicode": "e751",
      "unicode_decimal": 59217
    },
    {
      "icon_id": "11488001",
      "name": "close",
      "font_class": "close",
      "unicode": "e752",
      "unicode_decimal": 59218
    },
    {
      "icon_id": "11488017",
      "name": "cry",
      "font_class": "cry",
      "unicode": "e753",
      "unicode_decimal": 59219
    },
    {
      "icon_id": "11488026",
      "name": "double-arro- right",
      "font_class": "double-arro-right",
      "unicode": "e754",
      "unicode_decimal": 59220
    },
    {
      "icon_id": "11488029",
      "name": "discount",
      "font_class": "discount",
      "unicode": "e755",
      "unicode_decimal": 59221
    },
    {
      "icon_id": "11488030",
      "name": "download",
      "font_class": "download",
      "unicode": "e756",
      "unicode_decimal": 59222
    },
    {
      "icon_id": "11488037",
      "name": "ellipsis",
      "font_class": "ellipsis",
      "unicode": "e757",
      "unicode_decimal": 59223
    },
    {
      "icon_id": "11488038",
      "name": "email",
      "font_class": "email",
      "unicode": "e758",
      "unicode_decimal": 59224
    },
    {
      "icon_id": "11488039",
      "name": "falling",
      "font_class": "falling",
      "unicode": "e759",
      "unicode_decimal": 59225
    },
    {
      "icon_id": "11488052",
      "name": "help",
      "font_class": "help",
      "unicode": "e75a",
      "unicode_decimal": 59226
    },
    {
      "icon_id": "11488053",
      "name": "good",
      "font_class": "good",
      "unicode": "e75b",
      "unicode_decimal": 59227
    },
    {
      "icon_id": "11488058",
      "name": "hot",
      "font_class": "hot",
      "unicode": "e75c",
      "unicode_decimal": 59228
    },
    {
      "icon_id": "11488096",
      "name": "pin",
      "font_class": "pin",
      "unicode": "e75d",
      "unicode_decimal": 59229
    },
    {
      "icon_id": "11488150",
      "name": "smile",
      "font_class": "smile",
      "unicode": "e766",
      "unicode_decimal": 59238
    },
    {
      "icon_id": "11488168",
      "name": "set",
      "font_class": "set",
      "unicode": "e76c",
      "unicode_decimal": 59244
    },
    {
      "icon_id": "11488206",
      "name": "user center",
      "font_class": "usercenter",
      "unicode": "e773",
      "unicode_decimal": 59251
    },
    {
      "icon_id": "12011697",
      "name": "search",
      "font_class": "search",
      "unicode": "e7b3",
      "unicode_decimal": 59315
    },
    {
      "icon_id": "11474220",
      "name": "bussiness-man",
      "font_class": "bussiness-man",
      "unicode": "e6ef",
      "unicode_decimal": 59119
    },
    {
      "icon_id": "11474234",
      "name": "component",
      "font_class": "component",
      "unicode": "e6f2",
      "unicode_decimal": 59122
    },
    {
      "icon_id": "11474242",
      "name": "code",
      "font_class": "code",
      "unicode": "e6f3",
      "unicode_decimal": 59123
    },
    {
      "icon_id": "11474243",
      "name": "copy",
      "font_class": "copy",
      "unicode": "e6f4",
      "unicode_decimal": 59124
    },
    {
      "icon_id": "11474255",
      "name": "dollar",
      "font_class": "dollar",
      "unicode": "e6f5",
      "unicode_decimal": 59125
    },
    {
      "icon_id": "11474270",
      "name": "history",
      "font_class": "history",
      "unicode": "e6f8",
      "unicode_decimal": 59128
    },
    {
      "icon_id": "11474272",
      "name": "editor",
      "font_class": "editor",
      "unicode": "e6f6",
      "unicode_decimal": 59126
    },
    {
      "icon_id": "11474277",
      "name": "data",
      "font_class": "data",
      "unicode": "e6f9",
      "unicode_decimal": 59129
    },
    {
      "icon_id": "11474278",
      "name": "gift",
      "font_class": "gift",
      "unicode": "e6fa",
      "unicode_decimal": 59130
    },
    {
      "icon_id": "11474291",
      "name": "integral",
      "font_class": "integral",
      "unicode": "e6fb",
      "unicode_decimal": 59131
    },
    {
      "icon_id": "11474312",
      "name": "pic",
      "font_class": "pic",
      "unicode": "e6ff",
      "unicode_decimal": 59135
    },
    {
      "icon_id": "11474313",
      "name": "Not visible",
      "font_class": "Notvisible",
      "unicode": "e6fe",
      "unicode_decimal": 59134
    },
    {
      "icon_id": "11474324",
      "name": "play",
      "font_class": "play",
      "unicode": "e701",
      "unicode_decimal": 59137
    }
  ]
}
